{
  "study_title": "FastPath V5: Intelligent Context Prioritization for Repository Comprehension",
  "n_total_observations": 36,
  "n_variants": 4,
  "n_budget_levels": 3,
  "n_questions": 3,
  "primary_hypothesis": {
    "null": "FastPath V5 improvement < 13.0% vs baseline",
    "alternative": "FastPath V5 improvement \u2265 13.0% vs baseline",
    "threshold": 0.13,
    "test_type": "one_sided_superiority"
  },
  "primary_result": {
    "observed_improvement": 0.15333333333333335,
    "improvement_percent": 15.333333333333336,
    "meets_threshold": "True",
    "bootstrap_iterations": 10000,
    "sample_size": 3
  },
  "primary_p_value": 0.7016,
  "primary_effect_size": 26.55811238272269,
  "primary_confidence_interval": [
    0.14999999999999997,
    0.1566666666666667
  ],
  "ablation_results": [
    {
      "comparison": "V1_vs_V0",
      "baseline": "V0",
      "treatment": "V1",
      "observed_difference": 0.050000000000000024,
      "improvement_percent": 5.000000000000003,
      "p_value_raw": 0.296,
      "effect_size_cohens_d": 1554034039095464.5,
      "ci_95_lower": 0.04999999999999999,
      "ci_95_upper": 0.050000000000000044,
      "contributes_positively": "True",
      "sample_size": 3
    }
  ],
  "stratified_analysis": {
    "budget_50000": {
      "budget_level": 50000,
      "sample_size": 3,
      "observed_difference": 0.13,
      "improvement_percent": 13.0,
      "p_value_raw": 0.6333,
      "effect_size_cohens_d": 2341871806232658.0,
      "ci_95_lower": 0.12999999999999995,
      "ci_95_upper": 0.13000000000000003,
      "meets_threshold": "False",
      "practically_significant": "True",
      "effect_magnitude": "very_large"
    },
    "budget_120000": {
      "budget_level": 120000,
      "sample_size": 3,
      "observed_difference": 0.13333333333333333,
      "improvement_percent": 13.333333333333334,
      "p_value_raw": 0.6979,
      "effect_size_cohens_d": 23.09401076758501,
      "ci_95_lower": 0.12999999999999995,
      "ci_95_upper": 0.1366666666666667,
      "meets_threshold": "False",
      "practically_significant": "True",
      "effect_magnitude": "very_large"
    },
    "budget_200000": {
      "budget_level": 200000,
      "sample_size": 3,
      "observed_difference": 0.15333333333333335,
      "improvement_percent": 15.333333333333336,
      "p_value_raw": 0.2616,
      "effect_size_cohens_d": 26.55811238272269,
      "ci_95_lower": 0.14999999999999997,
      "ci_95_upper": 0.1566666666666667,
      "meets_threshold": "True",
      "practically_significant": "True",
      "effect_magnitude": "very_large"
    }
  },
  "fdr_analysis": {
    "method": "benjamini_hochberg",
    "alpha_global": 0.05,
    "n_total_tests": 5,
    "n_families": 1,
    "n_significant_raw": 0,
    "n_significant_adjusted": 0,
    "estimated_fdr": 0.0,
    "adjusted_p_values": {
      "primary_v5_vs_v0": 0.7016,
      "ablation_V1_vs_V0": 0.7016,
      "stratified_budget_50000": 0.7016,
      "stratified_budget_120000": 0.7016,
      "stratified_budget_200000": 0.7016
    },
    "significant_comparisons": [],
    "family_results": {
      "qa_accuracy": {
        "tests": [
          {
            "test_id": "primary_v5_vs_v0",
            "family": "qa_accuracy",
            "comparison_name": "FastPath V5 vs Baseline (Primary Hypothesis)",
            "observed_difference": 0.0,
            "p_value_raw": 0.7016,
            "p_value_adjusted": 0.7016,
            "alpha_raw": 0.05,
            "alpha_adjusted": 0.05,
            "significant_raw": false,
            "significant_adjusted": false,
            "rejected_hypothesis": false,
            "effect_size": 26.55811238272269,
            "ci_lower": 0.14999999999999997,
            "ci_upper": 0.1566666666666667,
            "variant_a": "V0",
            "variant_b": "V5",
            "metric_name": "qa_accuracy_per_100k"
          },
          {
            "test_id": "ablation_V1_vs_V0",
            "family": "qa_accuracy",
            "comparison_name": "Ablation: V1 vs V0",
            "observed_difference": 0.0,
            "p_value_raw": 0.296,
            "p_value_adjusted": 0.7016,
            "alpha_raw": 0.05,
            "alpha_adjusted": 0.020000000000000004,
            "significant_raw": false,
            "significant_adjusted": false,
            "rejected_hypothesis": false,
            "effect_size": 1554034039095464.5,
            "ci_lower": 0.04999999999999999,
            "ci_upper": 0.050000000000000044,
            "variant_a": "V0",
            "variant_b": "V1",
            "metric_name": "qa_accuracy_per_100k"
          },
          {
            "test_id": "stratified_budget_50000",
            "family": "qa_accuracy",
            "comparison_name": "V5 vs V0 at Budget 50000",
            "observed_difference": 0.0,
            "p_value_raw": 0.6333,
            "p_value_adjusted": 0.7016,
            "alpha_raw": 0.05,
            "alpha_adjusted": 0.03,
            "significant_raw": false,
            "significant_adjusted": false,
            "rejected_hypothesis": false,
            "effect_size": 2341871806232658.0,
            "ci_lower": 0.12999999999999995,
            "ci_upper": 0.13000000000000003,
            "variant_a": "V0",
            "variant_b": "V5",
            "metric_name": "qa_accuracy_per_100k"
          },
          {
            "test_id": "stratified_budget_120000",
            "family": "qa_accuracy",
            "comparison_name": "V5 vs V0 at Budget 120000",
            "observed_difference": 0.0,
            "p_value_raw": 0.6979,
            "p_value_adjusted": 0.7016,
            "alpha_raw": 0.05,
            "alpha_adjusted": 0.04000000000000001,
            "significant_raw": false,
            "significant_adjusted": false,
            "rejected_hypothesis": false,
            "effect_size": 23.09401076758501,
            "ci_lower": 0.12999999999999995,
            "ci_upper": 0.1366666666666667,
            "variant_a": "V0",
            "variant_b": "V5",
            "metric_name": "qa_accuracy_per_100k"
          },
          {
            "test_id": "stratified_budget_200000",
            "family": "qa_accuracy",
            "comparison_name": "V5 vs V0 at Budget 200000",
            "observed_difference": 0.0,
            "p_value_raw": 0.2616,
            "p_value_adjusted": 0.7016,
            "alpha_raw": 0.05,
            "alpha_adjusted": 0.010000000000000002,
            "significant_raw": false,
            "significant_adjusted": false,
            "rejected_hypothesis": false,
            "effect_size": 26.55811238272269,
            "ci_lower": 0.14999999999999997,
            "ci_upper": 0.1566666666666667,
            "variant_a": "V0",
            "variant_b": "V5",
            "metric_name": "qa_accuracy_per_100k"
          }
        ],
        "family_summary": {
          "family_name": "qa_accuracy",
          "n_tests": 5,
          "n_significant_raw": 0,
          "n_significant_adjusted": 0,
          "family_wise_alpha": 0.05,
          "fdr_method": "benjamini_hochberg",
          "min_p_value": 0.2616,
          "max_p_value": 0.7016
        }
      }
    },
    "promoted_variants": [],
    "blocked_variants": []
  },
  "adjusted_p_values": {
    "primary_v5_vs_v0": 0.7016,
    "ablation_V1_vs_V0": 0.7016,
    "stratified_budget_50000": 0.7016,
    "stratified_budget_120000": 0.7016,
    "stratified_budget_200000": 0.7016
  },
  "significant_comparisons": [],
  "effect_sizes": {
    "primary_comparison": {
      "comparison": "V5_vs_V0",
      "baseline_variant": "V0",
      "treatment_variant": "V5",
      "sample_size_baseline": 9,
      "sample_size_treatment": 9,
      "mean_baseline": 0.4466666666666667,
      "mean_treatment": 0.5855555555555555,
      "observed_difference": 0.13888888888888878,
      "cohens_d": 3.5844366134944994,
      "cohens_d_ci_lower": 1.971195264448472,
      "cohens_d_ci_upper": 5.197677962540527,
      "hedges_g": 3.4137491557090467,